id,label
001026808,0
00465ac96,0
004674725,0
00474460f,0
004a7525c,0
005c3e2a1,0
00601492a,0
0060e6236,0
0065c848c,0
006a8bf30,0
0075dfb3f,0
00815cd62,0
00a4353b4,0
00abff704,0
00f36964b,0
011a59755,0
011bbcd39,0
01526f4a9,0
0167053a7,0
0169ae9f4,0
0188d9d63,0
019f52445,0
01ad9f2f5,0
01b9dca2f,0
01e4b1b33,0
01e9641cd,0
020010009,0
02021f5ab,0
0202510f1,0
020412d88,0
022174fab,0
025bcb8b2,0
0260b5044,0
02738b18d,0
0288195ba,0
029562adc,0
02b3ca829,0
02b6dbd69,0
02c9698d4,0
02d9988e0,0
02e006774,0
02e8cf730,0
02fc9c20e,0
030564149,0
030675435,0
03098f4cb,0
03105dd4f,0
0313d17b9,0
032372c30,0
03266b65b,0
032f3a107,0
0356346f3,0
035715f01,0
039ac36f1,0
03bc16d7d,0
03c5c7ad1,0
03cd450fa,0
03e06b271,0
03e9b34b1,0
04106e2c4,0
0414e8da6,0
041c75285,0
04225a083,0
04310a7fb,0
043eb9ec4,0
043fbcb3d,0
044a300c3,0
045ef384a,0
046ad75b7,0
046bfe2e6,0
0490038a9,0
04962b6ef,0
04adb0551,0
04c9adec0,0
04f4b70ba,0
0511c6e03,0
052a24f52,0
0531f7174,0
054181dfc,0
0565ff796,0
057dc1f30,0
059f457e0,0
05d38c2f8,0
06030ae60,0
061ed98c0,0
0645626d9,0
06484286b,0
06537ba2f,0
065c97c10,0
06ad0bbf0,0
06c1190cd,0
06c40f025,0
06c4c75a6,0
06c6bf596,0
06f622fa7,0
07341b31f,0
07505d45f,0
07a6bcfc4,0
07c60062a,0
07e3ca9a4,0
081189019,0
08243b7c7,0
08248b02a,0
08263562f,0
0827b4887,0
084c36f1a,0
086fe91cf,0
087761317,0
088a7eed7,0
088cdd58d,0
08cec1006,0
08d61a60f,0
08d7f5a39,0
08deb3f25,0
08e349def,0
08fb62165,0
0940ff4f5,0
0979950cc,0
0988fd4a1,0
099c17439,0
09c29ac23,0
09c486d33,0
09cbdf605,0
09d9d65ff,0
09df16fa3,0
09e4497fc,0
09e4c643f,0
09ee1728b,0
0a0263632,0
0a169e719,0
0a1813656,0
0a2350e1f,0
0a392cc00,0
0a444b998,0
0a564c70a,0
0a639875f,0
0a7f5f432,0
0a8a300eb,0
0a8a6f729,0
0a8aef2eb,0
0af2bea62,0
0b6a72312,0
0ba5c7e3e,0
0ba7db412,0
0be190be7,0
0c02fdd44,0
0c30a491a,0
0c3267e4c,0
0c42e92d4,0
0c64c2a5d,0
0c6745408,0
0c8ced0d0,0
0c962d3fe,0
0c9d66958,0
0cb3f7b78,0
0ccffb16b,0
0cdc0ae31,0
0cdddbc34,0
0cf3cf057,0
0d01b2a69,0
0d03f187b,0
0d0cc52a1,0
0d2cc467a,0
0d398b696,0
0d3a5d513,0
0d4121373,0
0d4cd2447,0
0d962710e,0
0da19e452,0
0e03abdff,0
0e1501b0c,0
0e3b18996,0
0e4659734,0
0e696c917,0
0e9999699,0
0e9ba68b8,0
0eb283802,0
0eb38742b,0
0eb3bd137,0
0ef294710,0
0f0e07b14,0
0f1325f8a,0
0f1c9a5cb,0
0f2100383,0
0f29adfa7,0
0f2a37129,0
0f33c2725,0
0f6f76732,0
0f71bee44,0
0f74cc602,0
0f9816e94,0
0fc7ee54d,0
0fce227d9,0
0fd99cfcb,0
0fe15f49b,0
0fead044d,0
10021b00c,0
100b3a50e,0
10147c812,0
10179477f,0
102e41890,0
1044925df,0
1045fda85,0
1065fd3a4,0
107a94d13,0
108123e1a,0
10867968a,0
109f03c6b,0
10cc0462d,0
10cfdcc14,0
10d008207,0
10fde28ae,0
10ff7a37a,0
1109697da,0
111012ee0,0
1159c0c08,0
117891f69,0
118fbdaaa,0
119b41fe1,0
11c932418,0
11d7036d8,0
11ec4f153,0
11fe64d00,0
123b58842,0
1252792da,0
12661d899,0
126d2f7e4,0
126fef231,0
1277782e9,0
1278b8623,0
12837f529,0
1284288c0,0
12889bab8,0
128e95427,0
1293f1ece,0
12afd0764,0
12b3dec35,0
12e1a60c4,0
12e3495f0,0
12fe7d8f3,0
130b7bfb1,0
13295474d,0
133c1262a,0
13405fe26,0
134f5f37c,0
13a4f3215,0
13b022d8a,0
13b63cb38,0
13bea967b,0
13c1a2fd6,0
13c1fcc4b,0
13c6b8669,0
13cd48dff,0
13d6cd8f1,0
13ecddbba,0
13efc4410,0
13fbfa9bf,0
143702a10,0
1474e3ab0,0
149eb41d2,0
14bbaa51e,0
14bccfab5,0
14c0adb78,0
14f0885d0,0
1502e46c1,0
1510c5d0e,0
152f4d19b,0
1544f2f97,0
156e39618,0
1592ddbeb,0
1598f566e,0
16115a580,0
16167b900,0
161853d71,0
166189bcf,0
168f1d358,0
1695574e8,0
16b17ccba,0
16b7eafc9,0
16b8033f3,0
16be8710b,0
16c37c581,0
16da1b7f9,0
174ce8283,0
174f26070,0
1761fc0a9,0
178d29f46,0
1794feb85,0
17b08429b,0
17bab6e4f,0
17c6e1fa6,0
17c9b49b6,0
17f06887e,0
1818bb0a1,0
182d147da,0
1853e0be3,0
186e0dadc,0
187324aff,0
18aaa6699,0
18d9801b1,0
18df26578,0
18ed9d496,0
18eef2e9b,0
191e6da4f,0
1925e80f1,0
192b2f29f,0
194298296,0
1960f54ae,0
196e9b4f3,0
198f47c6f,0
199c57d3f,0
19a4e8bf8,0
19a605e00,0
19b61b598,0
19c0fa0fc,0
19dfa1ea0,0
1a0ae0803,0
1a151759f,0
1a15f8d69,0
1a1f82ec2,0
1a24f51d0,0
1a525ea92,0
1a601c293,0
1a7abf9a6,0
1a82b6b00,0
1a8fa43b9,0
1a988420a,0
1aa50ecb0,0
1aae2b0bc,0
1abc411b0,0
1ad050888,0
1b2cbb064,0
1b4171a8b,0
1b60d6e0b,0
1b6a41c9b,0
1b8ca3769,0
1b9227043,0
1babae8c3,0
1baf1e882,0
1bc650000,0
1bf03c27d,0
1c0f5574e,0
1c1033c6e,0
1c1e86f61,0
1c24abfdf,0
1c2aed124,0
1c9883dc9,0
1cbbb846f,0
1cdf4fba6,0
1d195b397,0
1d2309a58,0
1d4058040,0
1d42b93c5,0
1d52e29f4,0
1d6149577,0
1d847c4db,0
1d86e0530,0
1d8e7e7a7,0
1da37363b,0
1db116ee9,0
1db4318e9,0
1dd83abc2,0
1dd9a28c6,0
1de370dd8,0
1e03c2e5c,0
1e072e318,0
1e15082c7,0
1e1f818a6,0
1e28fc98c,0
1e37f9492,0
1e59ef7fa,0
1e7e635eb,0
1ea50e5d9,0
1ee2fbee6,0
1eeb877af,0
1ef31f87a,0
1f074caa5,0
1f12b7733,0
1f21e9e20,0
1f4c51114,0
1f4fa6731,0
1f50a0e48,0
1f590b8d2,0
1f5e9fc1a,0
1f7bd756b,0
1f7deea79,0
1f96edcc6,0
1fd3f1025,0
1fd669c18,0
1fe358170,0
1fea6ce69,0
1ff632c00,0
1ffc6c359,0
201807fb3,0
2026b161e,0
203303c8d,0
204936675,0
20617409d,0
207757150,0
207e47924,0
209941161,0
20abc1774,0
20cd2bfc2,0
20d81961f,0
20e64ad9e,0
211620314,0
211a73243,0
215401536,0
21544c080,0
2165f57a5,0
2167a30a1,0
217426920,0
218fcd310,0
21a6b63f9,0
21b1d0d77,0
21b5a6615,0
21b7b84d8,0
21bb8110a,0
21e2ffde6,0
2203f26c0,0
22053bb02,0
2221715de,0
2224d4ae6,0
223042561,0
2231f281b,0
2257cf490,0
2292d9327,0
22a875d33,0
22af07240,0
22bfe0921,0
22d27928b,0
22dd067d4,0
22ddda024,0
22ebae1e6,0
22feef558,0
2331699bc,0
233187e72,0
2335f8bb3,0
2343a6375,0
237aebbc7,0
23a343ef1,0
23a86bbe2,0
23b9e6935,0
23be2c01a,0
23c28805b,0
23dcc969a,0
23ed6c499,0
23f43ad24,0
23f72f922,0
23fe83e7d,0
24169c878,0
243717d88,0
245791924,0
24742a8cf,0
247de2bf4,0
2483b7f97,0
2489c93a9,0
249955fd7,0
24ba724f6,0
24bb25a16,0
24c07ae8f,0
24ca6f3ea,0
24caf82be,0
24d03b09b,0
24ef24c41,0
24f5fa9d0,0
24f7da4b4,0
251e5d195,0
25222585d,0
252667990,0
252c37dd9,0
255958524,0
2563aaf52,0
257290f60,0
258725655,0
25a600d4c,0
25a6f002c,0
25b3d2f05,0
25d2d8bcb,0
25fbcb146,0
260deb1e8,0
260f49f4a,0
261776ce4,0
261ce6176,0
2628ce430,0
264ee1b03,0
264f60cf1,0
2658b9763,0
267da99b8,0
267e8d97c,0
268d185e4,0
269cacee2,0
26b88e929,0
26bc68e80,0
26cbbb8db,0
26cdf06a5,0
26ced40d9,0
26d2594b4,0
26edfce74,0
271219acb,0
2766da10c,0
27732f645,0
277eeff75,0
2799f59d1,0
27a3d2113,0
27bff327a,0
27cdea2f8,0
27e085116,0
27fbd00f1,0
281d5d7c8,0
2834ef3f1,0
28351cbbe,0
283812cdd,0
283de3f7f,0
284309a9b,0
2851feeb8,0
285c1955a,0
286b09e59,0
286cc2994,0
28750afd5,0
289686cda,0
28971a27a,0
289999bbf,0
28a837032,0
28d26d8be,0
28dd4dd52,0
28ef89e0e,0
28efbff6a,0
291dd566e,0
29280098e,0
2929c6bb1,0
29388e49c,0
294ba0c60,0
294c5edae,0
29595ddac,0
2979930ff,0
299ca6210,0
299fdb3f5,0
29cd8f5f9,0
2a139b92f,0
2a3c6cc27,0
2a3d6cb1c,0
2a3e36bda,0
2a4015763,0
2a5e2aeaf,0
2a6839869,0
2a696b5d7,0
2a78e7bc0,0
2a81e031b,0
2a91a89d5,0
2ad6a57a3,0
2ada79e23,0
2b1f17c8d,0
2b50982a1,0
2b6520641,0
2b76c8e58,0
2b803db60,0
2b8e05574,0
2bd735e7c,0
2bf9b2bbd,0
2c19e799d,0
2c3807d8d,0
2c3ed9e5d,0
2c57bbb33,0
2c6ba3444,0
2c91dc50d,0
2ca762022,0
2ca9bf5a9,0
2cc31e77a,0
2cd4a5c45,0
2cf99f102,0
2cfcd4654,0
2cfedd09d,0
2d03bf4e7,0
2d21ce6da,0
2d2abf686,0
2d38a1320,0
2d44c947b,0
2d47803f7,0
2d609a39f,0
2d9e33cb9,0
2da12e40a,0
2daa9d66c,0
2dba6878c,0
2de095e00,0
2dfbdea45,0
2e01a5bbf,0
2e121742b,0
2e12c48f7,0
2e3b111b1,0
2e4efe120,0
2e549a29e,0
2e6463a0e,0
2e90bb3e2,0
2e9a6403c,0
2ea05d892,0
2ea279b32,0
2eaa87ed2,0
2ed0b127d,0
2ed5c3531,0
2ed6b97b3,0
2f016ae64,0
2f1e5fd2e,0
2f2ec1700,0
2f3485a18,0
2f5fe201b,0
2f64e336b,0
2f69ccd92,0
2fa3f1de5,0
2fa5940bd,0
2fafe8a29,0
2fccfe5a0,0
2fd20e585,0
2fff7275c,0
30193e7a1,0
301c305f7,0
3048e0ec6,0
3051905d5,0
305767ddb,0
3057ddad6,0
305909508,0
30610e3e1,0
30791edef,0
307a7f987,0
308661b16,0
308ecfffa,0
30b5430fb,0
30d3e1ebc,0
30eb0dcbe,0
31014b126,0
311b20846,0
31408b032,0
3147b4569,0
3147b89a8,0
31536fe94,0
316124a41,0
316b2da82,0
31768113b,0
317f3b33c,0
3186a6d42,0
319e78828,0
31b0deca3,0
31b7a0a0e,0
31dd2a789,0
31e8543d2,0
32100466b,0
3228bc91f,0
3252b170e,0
32642c3f3,0
32679f939,0
3279a71c7,0
327cefd41,0
328fd103e,0
329722989,0
32aa6815e,0
32d5660e4,0
32d601669,0
32d95706d,0
32e0447f6,0
32eb11d01,0
32fb00c7c,0
32fedfeaf,0
32ff7e3ec,0
331df1a3f,0
336e4955e,0
3389f9a4b,0
33cfda305,0
33d32bb55,0
33ddf4e99,0
33eb0ab78,0
33ef060a0,0
34080669f,0
342a77aa7,0
34829cd18,0
34c828532,0
350cfd30f,0
351e66ec1,0
3520e2eea,0
35230c7b6,0
352374277,0
353b98c3d,0
353ed40bc,0
3546db695,0
3572fbc19,0
35b24365e,0
35d8ac330,0
35ef0b6ec,0
362eb99fc,0
36424dffd,0
364869fff,0
3677d28b6,0
3683c5e05,0
368999498,0
369a36861,0
36bf08321,0
36dcc9007,0
36f0f7565,0
3709230bd,0
3711fcb69,0
37121bb96,0
3727e35e7,0
3752629f4,0
375317404,0
37880c3c1,0
37a64b39d,0
37b5762c1,0
37b7a61fe,0
37b7d555d,0
37bbdcbc8,0
37eb5881e,0
381626a3f,0
381fd98bc,0
384deb057,0
386e22d01,0
388ba2ed2,0
38907b754,0
3896609ee,0
38a771843,0
38ee09976,0
38f17b22d,0
3907500cf,0
390a58893,0
391a48f2c,0
3929f9dd1,0
392fa6bda,0
3934ee712,0
3951aa9a2,0
39529d97a,0
39559b6a3,0
39814bb3b,0
398cc95f8,0
399c2f7ca,0
3a0740610,0
3a2867476,0
3a3d696f7,0
3a488e2bc,0
3a70a4191,0
3a809200d,0
3a88f4bcc,0
3aaf11ccd,0
3ab3e5b6f,0
3ac5b80e3,0
3ac7dd048,0
3ad662a09,0
3ad7fcd58,0
3af8657d9,0
3b046f765,0
3b3d2de2f,0
3b418ac8d,0
3b49e70f6,0
3b64ecab3,0
3b9f9936e,0
3badad3bb,0
3bb7b935c,0
3be6870d6,0
3c2f9f53e,0
3c31bd1da,0
3c3f1b747,0
3c3f9781a,0
3c51b33cb,0
3c54fe0ea,0
3c57d510f,0
3c66fb118,0
3c7a9b0eb,0
3c81789ec,0
3c84bb626,0
3c8ad9f7a,0
3c9208706,0
3ca56dd15,0
3cc8bf126,0
3ceb422f1,0
3cefa34b0,0
3d06cfa33,0
3d54691c5,0
3d7e74861,0
3d8f67f17,0
3da2f4179,0
3db6db080,0
3dcb9a0d2,0
3dea078b1,0
3df0dfd52,0
3e09dffbb,0
3e13703ef,0
3e1bebd13,0
3e2b85a51,0
3e2d4e4bd,0
3e2dc0de1,0
3e2e41623,0
3e54e1016,0
3e5c29b14,0
3e6fcd023,0
3e7864256,0
3e8963252,0
3e95c0b58,0
3e9766e78,0
3eafc43e8,0
3f09ebb48,0
3f16d25e8,0
3f4430e3c,0
3f4adb34a,0
3f57b0f75,0
3f5e3f0a8,0
3f5e82d74,0
3f74423fe,0
3f81dc1c6,0
3f97fc6e2,0
3fa9b477e,0
3fbdc5873,0
3ffaf54e3,0
400403483,0
40113a024,0
40148f20e,0
40377e11c,0
40397cfda,0
403e00470,0
4040db523,0
408301a88,0
40a43f320,0
40b4a89d0,0
40c9d3619,0
40db6776a,0
40df12473,0
40f2d11ab,0
40f938a7d,0
4107ca090,0
4123a99b7,0
41499c0c6,0
415b6ed08,0
4166f0617,0
4182dd7c0,0
41a13a0e3,0
41b7b21db,0
41bcaea06,0
41c48d422,0
41f6953ae,0
42065f6c0,0
422a22671,0
425d2a668,0
425f63f4f,0
4273a8ba5,0
4279347a3,0
42808bc17,0
4282f6a20,0
42847b596,0
4292a620c,0
42964c7f9,0
429f448f3,0
42b935a1d,0
42c04e1d6,0
42c2943a7,0
42c6685e6,0
42d6e70c9,0
42e2bb917,0
42fd13e7c,0
42ff8d3ef,0
43012eb0e,0
4302a2a48,0
430ec216b,0
430f6de9a,0
4319e0410,0
436898e70,0
436f3bc58,0
4384a3e04,0
43aea7d92,0
43b29a22b,0
43d959da9,0
43f36885d,0
43fbc6677,0
43fe692e0,0
44033dfd7,0
441fb61a2,0
44516e25e,0
445278760,0
4456fae85,0
44627c46e,0
446878b83,0
4495e1248,0
44aad5f8e,0
44b510f46,0
44e4636ca,0
44fe8d295,0
450446012,0
450587404,0
4508a27ba,0
450f60e1d,0
451d44b22,0
451e8ea26,0
4524beaf3,0
453b1e6a4,0
4548e8415,0
454fca773,0
455bc2f44,0
455e0b730,0
457b219e5,0
457d86474,0
45934006a,0
45944f6a3,0
45a1dc2cc,0
45cd1e563,0
45f14c3ad,0
46065075f,0
4624922d0,0
4637f0412,0
4671fbde6,0
46759e2d6,0
4679a9a26,0
46bcb93cd,0
46c24d97c,0
46cfe2157,0
47105a31e,0
471389004,0
471d4288f,0
474be9683,0
476398849,0
477f76233,0
47bab689f,0
47d6942dc,0
47d7a7957,0
47d92d4c2,0
47f183bf7,0
480a167b7,0
4811dfb39,0
48259a45d,0
482bd223b,0
4836daba0,0
48431ef2a,0
484b6af11,0
4858a339b,0
48905e974,0
48b5aae05,0
48b8130b5,0
48dc1f2ff,0
490f7e5b8,0
4911ec16c,0
4920e6fdd,0
4923a5e9f,0
493805a0d,0
494be1593,0
495c425a5,0
49680e580,0
497b8f656,0
499294653,0
49a03dd51,0
49a946189,0
49d1b328e,0
49ec3010c,0
49fd90349,0
4a277d525,0
4a38645fd,0
4a3f4b06e,0
4a41075bf,0
4a55aa97a,0
4a57fb7cb,0
4a6eacbf5,0
4a7f447c4,0
4a9fec5c5,0
4aae3c673,0
4ab4ceab0,0
4ac98ba97,0
4ad259caf,0
4aeb4fd3a,0
4aed28071,0
4b273a14f,0
4b2bd7a5b,0
4b4f19a4e,0
4b5535a8d,0
4b60289b4,0
4b651c52c,0
4b67fdcdd,0
4b8116bd9,0
4b97ab501,0
4b9db23b4,0
4ba94c1a3,0
4bb66752f,0
4bc425527,0
4bc7d92af,0
4c0d68ead,0
4c27b21ff,0
4c2a09021,0
4c47389f6,0
4c53a6f9a,0
4c56afdfa,0
4c911e4f3,0
4c9f0e9c7,0
4cc6791ea,0
4cd64431e,0
4ce4c76b8,0
4cf97e2cc,0
4d42f966b,0
4d5d70709,0
4d7a7a8ac,0
4d7ecf1c7,0
4d9183cef,0
4dc859d70,0
4de2f2c9e,0
4ded89918,0
4df596508,0
4e1de1792,0
4e28ada70,0
4e3154f1a,0
4e3681a51,0
4e4150716,0
4e7599ef6,0
4e8fc5cf7,0
4eb52fb49,0
4ede4f928,0
4efaf01ea,0
4efef5c79,0
4f11f7e59,0
4f270c92e,0
4f2a42469,0
4f3be8550,0
4f4157364,0
4f5203e82,0
4f6f128cf,0
4f6f85d2e,0
4f71a6a2a,0
4f76dc15e,0
4f82e6d9a,0
4fa4a3e90,0
4fa8c1e71,0
4facf9a4f,0
4fb237254,0
4fcfd3c34,0
4ffd03025,0
500cb91ff,0
501b2ba4f,0
501f69cc8,0
5054697e4,0
507c8ee59,0
508496e26,0
50b644966,0
50c18ddc9,0
50c2a3b06,0
50c40bd77,0
50c5196db,0
50d0dccd2,0
50dccff3c,0
50dd92b18,0
50f0a4cd9,0
511432411,0
51403c8a2,0
51411a1da,0
516850447,0
51819ede5,0
5189a195e,0
51b29b8c4,0
51b5d4a98,0
51b8e7ac1,0
51caa4753,0
51fdd6c16,0
521c977cc,0
5235d31f6,0
5259d8193,0
525c230a9,0
5261726e1,0
5281edbd8,0
5291a1240,0
52a96a7d2,0
52ed5e689,0
52eff5812,0
52f2d3534,0
53046ba8c,0
53155cb0e,0
536f307b0,0
53d0a5712,0
53dbd9a2f,0
53e7710ad,0
540810675,0
5427540c7,0
54458c654,0
5457397ec,0
546c795ff,0
5478aae33,0
548abff3e,0
54a24f46a,0
54f52019d,0
54fe832c5,0
55036753c,0
5529ad4ac,0
554d793a0,0
55699afa1,0
5586b8d10,0
5590e2d0d,0
55a896d2f,0
55a90b5a7,0
55aaae6b9,0
55b5d7d8d,0
55daba3b7,0
55e9c5cac,0
5616ded62,0
561a1f459,0
5633fe340,0
5636ca208,0
564185d2d,0
566529295,0
567be08a6,0
567d0c7f3,0
56a49ca44,0
56c7ad4cf,0
56e817e6d,0
573986be5,0
5740dd6ea,0
574685c43,0
575375325,0
576986d87,0
577d95176,0
5785c915a,0
578cbe03a,0
57a2509a5,0
57a58dd14,0
57a5cba39,0
57b22a9d4,0
57d2660c4,0
57de2e0f1,0
57e548d75,0
57e61d922,0
580676201,0
58260c91f,0
582ae7c16,0
585196cc7,0
58772a07d,0
588d92aeb,0
58947f116,0
58bbe3035,0
58c0f41f0,0
58c45222b,0
58ef7ac76,0
594a855b0,0
595fee024,0
59650ffc8,0
596a0ac49,0
598b72b4a,0
599a5325b,0
59d509c68,0
59dceaed9,0
5a3033a99,0
5a3c68d68,0
5a628746e,0
5a6338bb5,0
5a74a2177,0
5a9e54b18,0
5a9f7f5f1,0
5aa546dc8,0
5ad328d64,0
5ae1bbb8a,0
5af4b1622,0
5b1442f58,0
5b2799da6,0
5b2be3d34,0
5b317eea3,0
5b4841a6c,0
5b4c0d61e,0
5b4d1ebb6,0
5b6601af8,0
5b73f3dbd,0
5b9308262,0
5ba327470,0
5ba7bed77,0
5bb13c80b,0
5bcfac012,0
5be1ac815,0
5c2687b78,0
5c427760f,0
5c56cc019,0
5c6c80b88,0
5cb4ed52e,0
5cc4eeffe,0
5cced6766,0
5ce6bdf0c,0
5cffa43c9,0
5d2c24924,0
5d34f7c22,0
5d4a7d8f7,0
5d5d172e7,0
5d6645581,0
5d774dc38,0
5d77b189f,0
5da8e2093,0
5dba486d4,0
5ddf5ad93,0
5de159dc8,0
5decc1d6e,0
5e0c7f0a7,0
5e217056f,0
5e320e93e,0
5e6c9c1a4,0
5e733888f,0
5e858ae71,0
5e9051b7a,0
5e968a502,0
5e9cacd31,0
5eb8b1063,0
5f09e8825,0
5f140bc1c,0
5f1c919aa,0
5f2074aee,0
5f3a50ac8,0
5f3f907e0,0
5f460c00c,0
5f500ddce,0
5f5b1dd7b,0
5f60defc2,0
5f6eb9da9,0
5f758642d,0
5f75b385d,0
5f8d56dc5,0
5f9e6d289,0
5fa1e9cd4,0
600082a92,0
601faddfb,0
60223279a,0
6030da9d9,0
6043e571b,0
604abd678,0
606acdc13,0
606e9be1b,0
60703c1bd,0
608a0abd2,0
6098fdb54,0
60c6602df,0
60ce434f7,0
60cf0a571,0
60d658c87,0
60d68cb43,0
60d975fe4,0
60dac7a58,0
60ebc8f7e,0
60f3979fe,0
613322378,0
614037b9c,0
614634b8b,0
6182cc39e,0
61836beda,0
61991dc87,0
619f217ae,0
61a5e709b,0
61c9ebf1e,0
61d1c281b,0
61d52342d,0
61d5cc8d3,0
61ee145c8,0
61f3fd899,0
61fe0c124,0
61fe979b5,0
6208d76d4,0
620b0c659,0
622d3d491,0
622f96988,0
626a3e066,0
626a47bf3,0
629d12f5c,0
62e13056a,0
631500d9f,0
63421fd8a,0
636cbb53a,0
6394814c5,0
63a14a4bd,0
63bf8d40e,0
63c7d6fbc,0
63d6a0da2,0
63e8716e4,0
63ff93e95,0
640665006,0
640defb61,0
6425b90b8,0
642d28324,0
6433eebdb,0
643579c1b,0
6457adc12,0
64599a38d,0
645c622f5,0
646eedf7d,0
64744fce5,0
647650bed,0
64ab3d8e7,0
64ca81cc0,0
64d19018d,0
64d3d5093,0
64dc657e2,0
64e28d58a,0
65113d71d,0
653697585,0
653efd782,0
654839bff,0
6550774b2,0
6598a658f,0
65a1df7e8,0
65af339b4,0
65cf3ba94,0
65d45ca09,0
65d5b786d,0
65e6ce1a8,0
661746726,0
662651f80,0
662cb3a59,0
6632ca911,0
664dfa22a,0
6661afd8a,0
66a484d6c,0
66bdc6dc3,0
66c6ac6a9,0
66ced9746,0
66f531911,0
66fee0d96,0
670d919d4,0
671646a9a,0
67167131d,0
6723212a6,0
672a8f1c9,0
6735e5066,0
67377211b,0
674edec31,0
675d25831,0
676e9de06,0
677169c8a,0
67722b326,0
678212506,0
678e86427,0
679cc9f2a,0
679eaaace,0
67cc88813,0
67d077ca1,0
67dd6a396,0
67ec602de,0
68130781c,0
68583cabe,0
686341cca,0
6866b7afe,0
689da439e,0
68a3af541,0
68b0df7d0,0
68bcf19b3,0
68c96cc6d,0
68c9b2eb1,0
68d959302,0
68dfb8360,0
68ea28ea3,0
68f39c447,0
68fdea920,0
69045ffd2,0
690b64369,0
6914af2e9,0
6932ffdfe,0
69446896a,0
6947b048f,0
6955e4071,0
69752b521,0
697f607d9,0
6992c9e51,0
69e006f89,0
69ec156c3,0
69fc9a680,0
6a0708fe5,0
6a0b1be40,0
6a15766a5,0
6a3c0cd3c,0
6a4bd8c31,0
6a4e9eecd,0
6a6336f14,0
6a6a494ed,0
6a8d0964d,0
6a8ecdafc,0
6a97f8b07,0
6aa182cd1,0
6aade86f1,0
6aae96f87,0
6ab5c10da,0
6abbda327,0
6ad68e5ef,0
6b3491524,0
6b3621fde,0
6b415b2e4,0
6b478769b,0
6b48e32bc,0
6b5643d04,0
6b7ca745a,0
6b8b7d745,0
6b8fe2122,0
6ba5df434,0
6bd86b6d4,0
6bebd7413,0
6bf94844b,0
6c07c8654,0
6c40b6e2d,0
6c419bbb1,0
6c50112ab,0
6c61e3e32,0
6c6a6b522,0
6c8ebe89a,0
6c9974f48,0
6d10f238e,0
6d15fa048,0
6d605635c,0
6d735d03e,0
6da83e29b,0
6dcacb619,0
6dcd7a98c,0
6e0187673,0
6e0aa7233,0
6e34d0fe7,0
6e583e923,0
6e7e8a9bb,0
6e7f3dc0a,0
6e8dd88ac,0
6e91b7071,0
6ec27d1fb,0
6ee15cea0,0
6eee49bc4,0
6eefcdab7,0
6f1727135,0
6f7ab2c12,0
6f7d33ed1,0
6f9089b63,0
6fa8e9a30,0
6fb5f20c6,0
6fb7c1abe,0
6fc455200,0
6fc4dafe4,0
6fd7fef2d,0
6fdde5f9f,0
6fe1ebf5b,0
6fea3a15a,0
70028d1e6,0
7027000f1,0
7048e05da,0
704b51437,0
7056a996b,0
706b7816b,0
706c26c49,0
709ed1c0b,0
70a5d561d,0
70aca5bc8,0
70d928864,0
70dd37a6e,0
70ea7d7e1,0
70fc477c7,0
70ff4eca3,0
710daa635,0
71128bb9a,0
711b20665,0
711c82315,0
711fbb49c,0
713218c25,0
7132d9d22,0
71658cf86,0
716ab78d2,0
716fc59ea,0
718c5dee9,0
719e7e32f,0
71a092a2f,0
71ad066d3,0
71c750678,0
71fcdc78e,0
720bc3e70,0
7212bb2a6,0
721dc3251,0
72260bb05,0
724ce6894,0
724f759d2,0
726e2e7de,0
7280ad8d2,0
729213bbb,0
7298bb82a,0
729e516fb,0
72a04e476,0
72a8ed384,0
72ab5a333,0
72aeb0d25,0
72bd97ae8,0
72ea3df00,0
7302cfde2,0
730ec0462,0
7315cc973,0
7316b8f86,0
73225ba90,0
7329f43e6,0
736a2ccc9,0
73773ce2a,0
7382811fc,0
738417e2c,0
73969d52e,0
73a4bd2a6,0
73bc892e1,0
73d54759f,0
73d66b67d,0
73e8d52aa,0
7415385f8,0
741bd390e,0
74223225c,0
7430a777a,0
743397d4b,0
7437ab87b,0
7486f81e0,0
748ee880d,0
74b90081d,0
74bc2782b,0
74ca51b6f,0
74d1c2629,0
75421c0d3,0
755c3628e,0
7572e8485,0
7592063c0,0
75a9ed779,0
75b015d57,0
75b915289,0
75c576aa7,0
75e5c730c,0
75fb3fa29,0
76072ae51,0
760fda53d,0
761543e05,0
7616f59f7,0
7620b4a8e,0
764f42c54,0
7653bb0fd,0
765afda11,0
766aea5c1,0
767305d76,0
768a31f86,0
76c07e851,0
76e82827d,0
76f23ebca,0
76f4a9272,0
77018c121,0
770af3b43,0
770b4ae9c,0
771d002c5,0
772996c6d,0
7763bc784,0
7767f9196,0
776f00805,0
77744e7fc,0
7789f5890,0
77a4bb234,0
77c2e7336,0
77d22c1f5,0
78118d32a,0
7821379af,0
7825f7b7c,0
784003cb1,0
7847522c3,0
786822ef5,0
7894a26a8,0
78c7cbf49,0
78e3b5e8b,0
78ea64fb6,0
78edc2d68,0
79006a3d2,0
794eb3896,0
796082d21,0
7999356b2,0
79a971c66,0
79aa741e0,0
79c310553,0
79cd2e994,0
79ce7c08a,0
79d65d486,0
79eeed3d9,0
7a06a1e91,0
7a06fdf06,0
7a58f8d80,0
7a6055b4e,0
7a648447c,0
7a65b432e,0
7a6c2faa4,0
7a98f4da3,0
7aa4c129e,0
7ab59ea4a,0
7ac18e8da,0
7ad0c2e01,0
7ad240ee0,0
7ad74ed59,0
7ae374a41,0
7ae428bf8,0
7b15a96f4,0
7b188a8a1,0
7b3c53b17,0
7b465c3c8,0
7b4ee27b1,0
7b52b5873,0
7b6047fe1,0
7b6ceba8b,0
7b7395a36,0
7b95bef25,0
7b9e16343,0
7baeb566a,0
7bbc060c2,0
7bede9e45,0
7c3a399af,0
7c54ea5a3,0
7c5d5f73f,0
7c6ef9237,0
7c8554542,0
7c89adf57,0
7c8cdb6bc,0
7cb21ea64,0
7cc9c8faf,0
7ce434e5a,0
7ce7776c4,0
7cf168e14,0
7d18fd804,0
7d261c37b,0
7d4cd38c0,0
7d4d3f6df,0
7d5028d51,0
7d5868041,0
7d632a5d6,0
7d78eeb98,0
7d7ee2a2f,0
7d8df85e7,0
7d8ff4d6e,0
7d98419cb,0
7daf7a3e9,0
7db88ff05,0
7e116c436,0
7e13325c0,0
7e28e0fa6,0
7e3dd3354,0
7e4645370,0
7e5cd46eb,0
7ea40fd39,0
7ec58aa89,0
7ec9d9958,0
7ed727d50,0
7ed9b262d,0
7f02528b5,0
7f1729819,0
7f1ed6878,0
7f4c8983c,0
7f595a415,0
7f8b514e0,0
7face2d00,0
7fb12b65f,0
7fcaa579f,0
7fe232cc9,0
7fedf814f,0
8029e01b1,0
8036849c4,0
803835197,0
8039592de,0
803e008fd,0
8045566df,0
8053bb38c,0
8075b1a53,0
80b0dd320,0
80b818f0c,0
8111899d6,0
811e4e125,0
8122b40b1,0
813062f83,0
81517b37d,0
8151aed61,0
815b3ddd6,0
816a32b6e,0
818209a0d,0
8199aee65,0
81c4d50a4,0
81cc9519e,0
81e7217bc,0
822b99613,0
824e577e9,0
8258b6c0c,0
826323207,0
8269454fd,0
828d2f9a2,0
82b40e433,0
82b945194,0
82eee3ce0,0
82fb0f0ee,0
830f8b4cc,0
831f215f8,0
833b2b853,0
8355fa4e4,0
835661c21,0
8356923d7,0
83587a880,0
836083541,0
838e68371,0
83977040b,0
83aea9398,0
83ca69851,0
83dadc654,0
83ecfacaa,0
83f25cc5e,0
83f2ed649,0
840b66156,0
840b7fd3c,0
841971dad,0
842063147,0
8420d584e,0
845282e93,0
84607de53,0
847f63e83,0
8480d8673,0
848270861,0
848a584a0,0
84989057b,0
849fbdb35,0
84a87195b,0
84adb54ee,0
84b0e1087,0
855e3e50f,0
855f80a7b,0
856f66a79,0
857720b6c,0
858608cd6,0
85a471eb7,0
85ab11a99,0
85d6c18f7,0
85f9b4515,0
8626b405b,0
862f6d13c,0
86456c9ac,0
86709a8e1,0
8680c308e,0
8692408d8,0
86e2c659d,0
86f512272,0
86f949747,0
8718fd12c,0
873e93437,0
87438f215,0
8767a29e2,0
876936f82,0
876f0a2ac,0
878495f91,0
87dc8a790,0
87f3188c6,0
880799332,0
8809e5a82,0
881030317,0
883dd2760,0
885874f13,0
886ea1bb2,0
887ae9a58,0
887ff6884,0
8889d5365,0
88beacf0c,0
88f50a542,0
88f8bff3b,0
891dcba45,0
892d52faf,0
89954ff4f,0
89f101b76,0
8a426cf23,0
8a4695997,0
8a6e23429,0
8a84d18a9,0
8ab1c7a30,0
8b095c169,0
8b24ed9e3,0
8b3352f49,0
8b423d7f7,0
8b47f3838,0
8b7053427,0
8b7268bcc,0
8b799464f,0
8b9a7bdfe,0
8ba3ff729,0
8badf6c93,0
8bb37762f,0
8bb4cbe3b,0
8bc42f106,0
8bcff4c75,0
8bd804852,0
8bd8f0742,0
8bede223f,0
8bf1b241c,0
8bf47d5ae,0
8c0734faf,0
8c1777ed6,0
8c75defbb,0
8c8984ae0,0
8c8d73114,0
8c97fc05c,0
8cb6af756,0
8cc1221b1,0
8ccf09523,0
8cd02c788,0
8cdee4803,0
8cef1e619,0
8d3270063,0
8d50f7a94,0
8d5a47140,0
8d722a716,0
8d927c969,0
8d978608d,0
8daab81e3,0
8de5d6084,0
8dec9600a,0
8df340622,0
8dfd033a5,0
8e1f62b63,0
8e22b0298,0
8e3ef62a0,0
8e4622aee,0
8e7ba6611,0
8e8d832d9,0
8e8fe52c4,0
8e95575c5,0
8ea2c24d9,0
8eb89e477,0
8ed45de89,0
8ed4a048c,0
8edfc0c6c,0
8ee08fe60,0
8ee3ff6dd,0
8ee54877a,0
8efec9259,0
8f045cea6,0
8f2f528d9,0
8f3cbb4bb,0
8f699f071,0
8f7231b25,0
8f922c521,0
8fc1b7b4a,0
8fc3142b4,0
900e3f490,0
9010de5d2,0
9032f24a4,0
905cc2970,0
906153558,0
90709c126,0
90719b61c,0
907d1a9eb,0
9080ceee8,0
9093df7fd,0
9096aef76,0
9097d0826,0
90c225bda,0
90ee222c7,0
90f206544,0
912761860,0
912df9505,0
91343265e,0
914484608,0
914c01285,0
914d33279,0
91516797d,0
9172b575a,0
917996012,0
919da5491,0
91aef2230,0
91cb53628,0
91cebe203,0
920e6b844,0
921259440,0
92242452d,0
9230954c2,0
9237d8c5f,0
9257c1edb,0
925c6dd04,0
926926c52,0
927a61915,0
928b0c3e3,0
92abd6531,0
92bf88af9,0
92e1b42f3,0
92f69325e,0
92f9aebd2,0
92fa92c2b,0
9315d00da,0
9348ca09a,0
934da9fb1,0
93688013c,0
939e1c3f7,0
93ee25090,0
93fb5103f,0
943679b97,0
94646a029,0
9475b03e8,0
949007e12,0
94b3e1e7e,0
94cd339a5,0
94f3658e9,0
94f845d98,0
94fdb0bac,0
94ff66d1b,0
95698a46d,0
9572d9215,0
9572f3789,0
9588f0477,0
959e51c8c,0
95a1d9acf,0
95a4accf8,0
95a7918fb,0
95b091e4f,0
95b4170c6,0
96062d446,0
961b99c48,0
9636b096f,0
964790c8e,0
964efa0ac,0
96b3fe412,0
96b67fc4c,0
96b84513d,0
96b92b2f1,0
96c01a0eb,0
96cb4da8c,0
96dfb36a1,0
973bc7db9,0
975ca014a,0
97a3ea9f9,0
97a8f9040,0
97ad0c3b6,0
97c11e52c,0
97cae3d87,0
97d1101ab,0
97dbcd95d,0
97f6eb0ab,0
9827c8de0,0
984f54b1f,0
985ff4b8c,0
98718fd1f,0
98784990b,0
987b31793,0
9892d5fec,0
98ac3464b,0
98d2945a1,0
98dd15e50,0
9903591eb,0
990bd33aa,0
9910b2d7d,0
991dc0872,0
993f37b88,0
998655677,0
9987f9045,0
9997c369b,0
99b6cb201,0
99c02a534,0
99dcedb25,0
99f39b682,0
9a25df45a,0
9a31f1af2,0
9a344aa0d,0
9a9334193,0
9aa1feeb8,0
9aa9571a2,0
9ab7e3d58,0
9acc0cf26,0
9ad2dd821,0
9aec67f06,0
9b227e327,0
9b23a261b,0
9b4343430,0
9b48ce211,0
9b5a9ad40,0
9b66ed8f3,0
9b8222f24,0
9bbdf0cca,0
9bdfa7b45,0
9bf09a956,0
9bf683f4b,0
9c12a09bc,0
9c1dea401,0
9c30192e5,0
9c31f5700,0
9c3cfc329,0
9c4dae7dd,0
9c59f7ddf,0
9c7d9fb71,0
9c7f421e2,0
9c81043d6,0
9cac91599,0
9cd01dac8,0
9cd2d6ef4,0
9ce9f5586,0
9cec83239,0
9d342030d,0
9d3c01ca0,0
9d49b2c65,0
9d4aed288,0
9d53668fe,0
9d7e4fb1a,0
9d90108bc,0
9d9904d7f,0
9db96ceef,0
9dc23d9c7,0
9dce12bb2,0
9de4cb1de,0
9e197232a,0
9e20356a6,0
9e3415167,0
9e5945bd0,0
9e5ed7e4c,0
9e81b79f5,0
9e827d7c1,0
9edff6268,0
9ee6ea4c7,0
9ee8133b0,0
9f1ce3cc7,0
9f2768b8d,0
9f5ae3789,0
9f7bbc997,0
9f800c70b,0
9f8321f2f,0
9fb1cbe40,0
9fd04cb3f,0
9fdae7411,0
9fdce485e,0
9ff06892e,0
9ff37aaf2,0
9ff4b5e9d,0
9ff9c24b0,0
9ffe569f8,0
a015280e1,0
a04737b52,0
a06eec69a,0
a09aeeebf,0
a0bd24694,0
a0bee070b,0
a0c030248,0
a0da02809,0
a0df57858,0
a0e5de877,0
a1037e624,0
a1077541e,0
a129eb1df,0
a15a72e26,0
a16bcd177,0
a16d56a5d,0
a17d77e33,0
a188b25f2,0
a1b00b7d6,0
a1c8b4885,0
a1e5dea1c,0
a216b5222,0
a2406f3ee,0
a24b29bce,0
a24db7219,0
a25c9cb4a,0
a2670aed3,0
a26c43b04,0
a27dcd538,0
a29733caa,0
a29f4754e,0
a2a0ba04b,0
a2b8434ed,0
a2c12dd33,0
a2cd50f25,0
a2e4c386a,0
a2e56fd1e,0
a31204c67,0
a315dc5bd,0
a31637fb5,0
a320586d2,0
a337ddfa7,0
a360efb96,0
a368bd515,0
a37439aea,0
a37c6b446,0
a3909ae3b,0
a39cc9393,0
a3ab67c9a,0
a3ac48fb6,0
a3b133086,0
a3d13c402,0
a3e2ee5cd,0
a43ca4053,0
a441d1a4c,0
a44562f3c,0
a452c99a1,0
a453f37c2,0
a46c87876,0
a48c2b080,0
a49fa3fc6,0
a4b26e2ce,0
a4b993fb4,0
a4cf77b20,0
a4d0bdb6b,0
a4ffe368a,0
a502e1970,0
a527abfd2,0
a55debc66,0
a57630f21,0
a58145d2e,0
a585bf429,0
a59aa2c88,0
a5b2adbcd,0
a5cd98b25,0
a5de7239e,0
a5de90fef,0
a62026125,0
a62a67fd9,0
a63a0e0a7,0
a644fbad3,0
a66e329df,0
a67f0bab7,0
a6bcbbd62,0
a6c7c89e7,0
a6cad2621,0
a6e984257,0
a7124fbf9,0
a7163327e,0
a736efc63,0
a73e46576,0
a73f2bc35,0
a76516b8b,0
a7832122f,0
a7a3ed236,0
a7aa10059,0
a7abdffff,0
a7c8c4562,0
a7e34af35,0
a7ed81829,0
a8008fe9d,0
a81e066f3,0
a840d0a35,0
a85f03f67,0
a86b08431,0
a86f0f88c,0
a87bbc6c1,0
a88d435aa,0
a88e49817,0
a88eba8d0,0
a890b289f,0
a8ac7b5f9,0
a8b0d2a9c,0
a8b8d0e6f,0
a8c166528,0
a8f962607,0
a8fbbeadc,0
a9134f067,0
a94ae6c1d,0
a951be891,0
a95971536,0
a96d19982,0
a96ec2c3c,0
a98f56ddf,0
a9ab3077e,0
a9ada3fb3,0
a9b140599,0
a9b475f6a,0
aa27886d7,0
aa6a0f067,0
aa738810c,0
aa8488417,0
aa8692de3,0
aabaa5d2a,0
aac575446,0
aacb053a1,0
aacec7229,0
aad41bccd,0
aad6df9ac,0
aadbdafaf,0
aaf48de24,0
ab1876770,0
ab1ea9776,0
ab46d90f9,0
ab4c3c9dd,0
ab7da6f49,0
ab93f890a,0
abb2b1413,0
abb9825e6,0
abd0b3777,0
abe6cbcac,0
ac172e380,0
ac1a7689e,0
ac1fc1076,0
ac351376d,0
ac385d07b,0
ac42a0aa9,0
ac5211780,0
ac6a0115d,0
ac834005a,0
ac9f0b8b1,0
acb97e46b,0
acbca0733,0
acc927088,0
acebbe0c8,0
acffc754e,0
ad0a5f06b,0
ad12e820f,0
ad2b661ec,0
ad3ef68bd,0
ad3fecc9d,0
ad413f7f3,0
ad562876d,0
ad9b0cb5b,0
adb867c5c,0
adbce1bab,0
adbe60619,0
adc1c5a03,0
ae1ca90fa,0
ae2a237a4,0
ae3841a9c,0
ae413e327,0
ae4342219,0
ae5155228,0
ae55082bc,0
ae639fd8e,0
ae92577bb,0
ae985fc6e,0
aeaf93dac,0
aec7958a3,0
aee0832a3,0
af3719c89,0
af4f32ba2,0
af8f9a576,0
af98f8560,0
af9d0edb7,0
afbc1eab5,0
afe775788,0
affb4b52e,0
b02c2aed3,0
b039aff12,0
b04f9dfa4,0
b05b886d1,0
b0a4a2153,0
b0a7d3cd5,0
b0b9ff3dc,0
b0c98145f,0
b0ca4ef3e,0
b0d70ca31,0
b0e444b6d,0
b0fb44258,0
b11478202,0
b12b6ecc7,0
b1461b20e,0
b14689b10,0
b15283e85,0
b16a4655a,0
b18a635e2,0
b19106bf2,0
b193bbba5,0
b1b0c0058,0
b1c6c2b4f,0
b1d86ab02,0
b1f74424a,0
b205f8cfe,0
b26303d54,0
b2648c79a,0
b264b0c26,0
b26bb261a,0
b26df8d40,0
b28ca240f,0
b29e6c7cf,0
b2a8896f0,0
b2b08dd39,0
b2cfc5d6c,0
b2d9315e2,0
b2ea4fd87,0
b305c1647,0
b31ae6c46,0
b33fa2454,0
b353ff13c,0
b371ddf2d,0
b38b96f05,0
b38be79dd,0
b3b1b3ff2,0
b3dac5310,0
b3eafdd27,0
b414d4f41,0
b4566779c,0
b46079a36,0
b46e9961d,0
b4715c0ee,0
b48169494,0
b4a687c6d,0
b4b119e17,0
b4c2b0c31,0
b4caf83d5,0
b4d73b64e,0
b4de1ffa6,0
b4ee2e9ed,0
b4fc97237,0
b4fcdb944,0
b51c838c5,0
b52fab84d,0
b54031d8f,0
b54a06729,0
b54f35b02,0
b5500bb48,0
b5555d536,0
b55805889,0
b55e43e17,0
b56f33472,0
b57a03f2d,0
b58475660,0
b58b50ff8,0
b59149b3e,0
b5c7da720,0
b606ac0c6,0
b60df44eb,0
b6114e9cc,0
b61f16271,0
b6231d26f,0
b62c16808,0
b662598da,0
b6ac07958,0
b6b638533,0
b6b976abd,0
b6c768d2e,0
b6f8e2ab0,0
b7057577d,0
b709f529e,0
b71bf87df,0
b740ad425,0
b74fecc39,0
b752ac777,0
b75c7dc9d,0
b7844ebac,0
b796966fa,0
b7bd35852,0
b7c4677c6,0
b7c88243d,0
b7cba3bfd,0
b7d4dc691,0
b807cac25,0
b80f17f2f,0
b81c0849e,0
b82e750de,0
b886e5a39,0
b8a296df7,0
b8c458097,0
b8ca2bd0f,0
b8d1ba9f9,0
b8d45b6c0,0
b8da2c43e,0
b8eaeeccb,0
b8f0673df,0
b9011784a,0
b916078e1,0
b91c4576f,0
b92badd4f,0
b93c67af6,0
b9488c248,0
b94dafb63,0
b95b131ed,0
b96da40a3,0
b978f249f,0
b98b2b253,0
b9914cc57,0
b99b36875,0
b9d36d638,0
b9e68d0e8,0
b9e7a8ce3,0
b9f72567f,0
ba0346941,0
ba0889ced,0
ba0dce921,0
ba5577d91,0
ba6798ad1,0
ba83ecca3,0
ba8c49485,0
ba9d8c433,0
babba1ef4,0
badfb892c,0
baf0c567f,0
bb09f5baa,0
bb1132cd8,0
bb14dbb04,0
bb3843ae8,0
bb43c3840,0
bb589e694,0
bb802aca5,0
bb92d81cb,0
bbb0123bb,0
bbb3aa205,0
bbb92e548,0
bbde04592,0
bbf04a712,0
bc067f309,0
bc0cc0455,0
bc242e738,0
bc4c7a99c,0
bc4ff1155,0
bc5150f5b,0
bc73d7c76,0
bc8acbd97,0
bc9600f25,0
bca6c2f38,0
bcae9c00c,0
bcb4144ad,0
bcdda3c3b,0
bce96a929,0
bce971e8b,0
bd33bf14f,0
bd33ee338,0
bd3faf285,0
bd4e648c8,0
bd59bf93c,0
bd9e343e0,0
bdd000bf2,0
be2f7aaba,0
be684f5ef,0
be7eadb06,0
be8b9f125,0
beb748741,0
beb78dd19,0
bec5dca0b,0
bee7e26a8,0
bee89a7a7,0
befb1f1a5,0
bf04dc7c0,0
bf42573d7,0
bf76d41bb,0
bfaa1f1c8,0
bfb430899,0
bfbb5522c,0
bfc203698,0
bfd58ece4,0
c0033eb74,0
c017b405a,0
c03372952,0
c033e0485,0
c0347fd3c,0
c03fb83e4,0
c055bd80f,0
c05669182,0
c066cb9f0,0
c088f0388,0
c0a741a62,0
c0e50a5bf,0
c0f855119,0
c119cd270,0
c1266731b,0
c129eedd5,0
c12b4a6b1,0
c132ffe72,0
c13b4c19d,0
c14438f87,0
c1583a58c,0
c170136d1,0
c17ca473e,0
c188d4fff,0
c19289532,0
c19dd3f13,0
c1a6bc8e7,0
c1cd1ce36,0
c1dc65e51,0
c1e3a2ec8,0
c1e72255e,0
c1f46685c,0
c2010cda8,0
c2020f3b6,0
c2061bbf2,0
c20686f4a,0
c2176a3e6,0
c22f5e1d3,0
c27d2d00b,0
c296e5af1,0
c2a3ed413,0
c2aee2e81,0
c2bbafa35,0
c2c69b269,0
c2cfeabb6,0
c2d955080,0
c2e05c5d7,0
c2e872cc8,0
c2e8ca0c0,0
c2e918568,0
c2ec5e7eb,0
c2edfa9ea,0
c302be40a,0
c303cc9e5,0
c32c425ac,0
c33084cd3,0
c334bdfbe,0
c33623bea,0
c33df1e89,0
c37b16f32,0
c39c0cafc,0
c3bec5d5c,0
c3d216758,0
c3f561881,0
c407d4745,0
c42b6eb15,0
c44a489a7,0
c488f9755,0
c4ad88184,0
c4c46cb7d,0
c4ca01112,0
c4e5eefc7,0
c4efbe5e5,0
c4f6b75cf,0
c5022dbb8,0
c529addec,0
c5352084c,0
c5374fbc5,0
c558efd75,0
c566a57f6,0
c577e793b,0
c58eb77dd,0
c592901d4,0
c594e4b21,0
c5c98a661,0
c5d2c60d3,0
c5e375353,0
c60a2b77c,0
c6110119c,0
c6111ab43,0
c62075a07,0
c620bdadb,0
c657e561f,0
c6689b151,0
c67cd298b,0
c6cc54f6f,0
c70727080,0
c70b4709e,0
c71e4aacc,0
c7b1e0a4e,0
c7d4cebce,0
c809faf1d,0
c82f055a7,0
c843b78fc,0
c85879e5a,0
c86f24b1c,0
c88d79c34,0
c8a7a8bb3,0
c8a7e9e25,0
c8ae3504a,0
c8c1c1189,0
c8ca0bbd9,0
c8ce1e221,0
c8d1ca3fd,0
c8d63d3b2,0
c8efcd0be,0
c901a5878,0
c91b68ec5,0
c93dd3b15,0
c96637409,0
c9a18e31d,0
c9b900b1d,0
c9d41527f,0
c9f033f49,0
ca00bb353,0
ca07ff959,0
ca0fb4747,0
ca3e24431,0
ca4ea93a5,0
ca7c9b1aa,0
ca8c63225,0
ca9434fee,0
caf4aaca8,0
caf975b8b,0
cb465323a,0
cb5395b91,0
cb5df728a,0
cb8591bc5,0
cba983a31,0
cbaec9a87,0
cbbcae04c,0
cbbf9f4f6,0
cbd64bbcb,0
cbda5efbb,0
cc1202345,0
cc21710d1,0
cc2332738,0
cc2d54723,0
cc4f90c3a,0
cc569ceb9,0
cc643af25,0
cc67255e4,0
cc699f565,0
cc6ab49ce,0
cc6cbee23,0
cc75936a2,0
cc82d1a40,0
ccb4f235d,0
ccd18084b,0
ccd6c0141,0
cce126c02,0
cd2257c26,0
cd2852c73,0
cd3e88f90,0
cd515d2cb,0
cd5711169,0
cd5cde261,0
cd6620d30,0
cd69e6f43,0
cd6de5942,0
cdc4cbe34,0
cdeadb4be,0
ce372d2a3,0
ce415e3a6,0
ce45f4005,0
ce4892e56,0
ce5f31756,0
ce68144fd,0
ce8cd3109,0
ce90dfb72,0
ce9e3a133,0
ceac29fff,0
ceafcca85,0
ceb7e9c17,0
cec30bb4e,0
cec626d10,0
ced3c3882,0
ceed14c76,0
cf07ee24e,0
cf416011a,0
cf5098d19,0
cf68fea1b,0
cf6e5f52d,0
cf6e877fa,0
cf7f5e388,0
cf8432691,0
cf8f6ab4f,0
cfb7c7d15,0
cfd9bfb3c,0
cfedc193e,0
cfefd4862,0
d00549e18,0
d0135ec46,0
d03e530b0,0
d054f6d11,0
d056d39fc,0
d0704f0bc,0
d070d2bb0,0
d0770b976,0
d07882785,0
d080cb64f,0
d0860e5c3,0
d088f2379,0
d099c47a8,0
d0ab191fe,0
d0aec06f3,0
d0bc4980f,0
d0cb160f1,0
d0d8b8c1b,0
d0dcc57d5,0
d0e4097c5,0
d0e4dbec1,0
d0f8392ef,0
d0f97891f,0
d11a2f96b,0
d11fc3be6,0
d12096f3e,0
d126691fa,0
d12f0cb19,0
d13779a1d,0
d14614837,0
d1507ca7a,0
d15b1f0ef,0
d1627231a,0
d1826e624,0
d18f96d60,0
d19ba920d,0
d19c87720,0
d1a20e37b,0
d1a9adb17,0
d1ab83367,0
d1c425ac2,0
d1cba7b43,0
d1ef78468,0
d1f045f71,0
d22127036,0
d231f6a15,0
d23de3d6f,0
d25a688dd,0
d25f52226,0
d281ad5c5,0
d28593c82,0
d287124fd,0
d323c52de,0
d350ae3d4,0
d35720532,0
d3713a1c3,0
d38858026,0
d3bfe3346,0
d3c518a5b,0
d3c6cbb76,0
d3d39c222,0
d3d721a8e,0
d4050c797,0
d4181e20a,0
d43fa51bb,0
d474dbaef,0
d477a301d,0
d48436a15,0
d487d1936,0
d49eb0d86,0
d4b1cd4dd,0
d4c030ad9,0
d4cdb6014,0
d4e2b699f,0
d4fc1f325,0
d4fc69a63,0
d51333756,0
d54f340f6,0
d554fd42a,0
d575032ca,0
d5988fdc6,0
d5a5a2f7e,0
d5b0730b1,0
d5d3bbdc5,0
d5d3dfc54,0
d5e2737e5,0
d5e348370,0
d605119e4,0
d608ac168,0
d611d13a5,0
d63deb787,0
d647bbe16,0
d6814509b,0
d68b60501,0
d68be725c,0
d690552d0,0
d698fc8b0,0
d69bf2316,0
d6ca04d02,0
d6d447f8e,0
d6eab5fe4,0
d70f73487,0
d73c43eb4,0
d771266e7,0
d77307fa0,0
d77467503,0
d77a048dc,0
d78e94d28,0
d79ee075c,0
d7e7705ee,0
d82598f39,0
d82dff7fd,0
d83b67068,0
d865e4039,0
d86f07fb1,0
d88dfaee7,0
d89a7224d,0
d8a25722d,0
d8af57025,0
d8cf6ec43,0
d8d2fe896,0
d91b30190,0
d91c166eb,0
d91da8efe,0
d920c887d,0
d92336f1c,0
d92a19412,0
d938ababf,0
d943b6b81,0
d955700eb,0
d978892a0,0
d99017291,0
d99512efd,0
d9984d46d,0
d9c2a86aa,0
d9dded360,0
da01b8bf3,0
da0506e5f,0
da1ee4e46,0
da200edb3,0
da3e2f4bb,0
da5c54e2a,0
da76acffc,0
da7e11dbe,0
daa6390cd,0
dae67d4e5,0
dae770390,0
daef5dd02,0
dafb44036,0
db00a25fb,0
db0829ac2,0
db2ba3ac1,0
db594b3e4,0
db6624928,0
db71605d8,0
db73f0196,0
db97c7958,0
db9add0db,0
dba7c4466,0
dbdcfb3a0,0
dbdded8c2,0
dbf067374,0
dbf6a8a37,0
dbf9d43ed,0
dc393ca4e,0
dc3b34d60,0
dc462f6ab,0
dc46c66be,0
dc50fc6dc,0
dc61b0f00,0
dc7212e7a,0
dc7a06ac5,0
dca4cb31e,0
dcb6fc2e7,0
dcd765c3f,0
dcd854140,0
dcfd48be6,0
dd03a670e,0
dd0f2fae3,0
dd45f8a58,0
dd47c1063,0
dd4ef11ce,0
dd55d3bb1,0
dd64e2d4e,0
dd6f14f69,0
dd790b080,0
dd797b33e,0
dda7f872b,0
ddb77da64,0
ddd319d98,0
dddc1b028,0
dde451f88,0
ddf370147,0
ddf8a8454,0
de0120014,0
de2263484,0
de2a4f633,0
de2c10ce3,0
de3542a7d,0
de556aece,0
de6d42796,0
de7529d22,0
de8f3b3e3,0
dea20e2a3,0
dea4f99c8,0
dea925222,0
dec29ddcd,0
dec5b9c46,0
dedfd3e33,0
df23122cc,0
df4bc3094,0
df5490242,0
df61224ca,0
df711f70d,0
df71edf56,0
df7ca9cc7,0
df7e7f3fa,0
df8dbc278,0
dfca20770,0
dfcb834ca,0
dfdc3ba25,0
dff0a81d5,0
dff4855ba,0
e0103b493,0
e034de2ef,0
e04186bfd,0
e0597d2a1,0
e060dece8,0
e067615e1,0
e088baa96,0
e095d8fd2,0
e0bf116d0,0
e0cecaf53,0
e0e50d94c,0
e0ff35268,0
e0ff762d7,0
e12e81622,0
e1420f446,0
e143f9e78,0
e153148eb,0
e1714b868,0
e1b95786e,0
e1ea0ba4b,0
e20d20ead,0
e20f9f104,0
e23dde393,0
e26309144,0
e28977597,0
e28cd1a5c,0
e290f6abc,0
e2915d896,0
e298715fb,0
e2b8226ab,0
e2bfc67a3,0
e2c9dc527,0
e2f0f215b,0
e2fd1b379,0
e31fd4aa8,0
e336dcaed,0
e36015f1a,0
e379166e8,0
e38273609,0
e3831928f,0
e3987b37d,0
e3a865551,0
e3aaf84d6,0
e3be93687,0
e3d483e53,0
e3e0e2cca,0
e40934482,0
e4292e91d,0
e430c8006,0
e434d01d8,0
e459ed80f,0
e46a96d53,0
e46aa98d7,0
e473e1e49,0
e4994fa9f,0
e4b053945,0
e4b9b4785,0
e4bbe4b01,0
e4d39c7b7,0
e4de5fa24,0
e4ea30ecc,0
e50c826c3,0
e520ee4f7,0
e5266d80b,0
e55c8aaa6,0
e57b2ae35,0
e5874cf98,0
e5aa51b33,0
e5ad7b8f9,0
e5d62f11b,0
e5da354bb,0
e5f3539ef,0
e5f7f41f9,0
e5fd5b6fe,0
e5ffaacde,0
e60568159,0
e620e5146,0
e62ca8447,0
e62d031ad,0
e64d4b467,0
e65ca97b1,0
e68e544c5,0
e69097229,0
e6a51a538,0
e6b95911d,0
e6bae9005,0
e6c0b8bea,0
e6dae0f93,0
e6dd857c7,0
e6eeb4911,0
e6f20c078,0
e6fb59706,0
e70144940,0
e713e8106,0
e718d7fab,0
e751d293b,0
e76436d57,0
e7653d12b,0
e78e48ee4,0
e7ab04e92,0
e7d25f9b8,0
e7da6f02d,0
e82270b86,0
e82af5648,0
e83bb52ec,0
e83c9caf7,0
e84059d8e,0
e8463c353,0
e87f124c3,0
e88232d16,0
e88bf3169,0
e88d71854,0
e892e6f4b,0
e8bc7adae,0
e8cecb3f8,0
e8fc200c7,0
e92021484,0
e925ae37c,0
e955ed187,0
e95d8998b,0
e968b9b82,0
e9f2465fa,0
e9f7177b1,0
e9f78384f,0
e9f9736f6,0
e9fb2cfeb,0
ea2c20bab,0
ea3923af3,0
ea436a99d,0
eac2eb219,0
eac851175,0
eace07b79,0
eacff3ca3,0
ead2e2bee,0
ead766bfe,0
eae7eed2a,0
eaec7b63f,0
eaf17de16,0
eaf58125f,0
eb1525f8c,0
eb2614b6b,0
eb37c4d15,0
eb4bb1835,0
eb534388d,0
eb71e2d4c,0
ebbfed3f0,0
ebcd64cc5,0
ebe28407d,0
ebf288aa6,0
ec02c8732,0
ec09391aa,0
ec0e56b24,0
ec19b1bd8,0
ec29cefda,0
ec3ad6a90,0
ec5183017,0
ec6b36dbc,0
ec753a596,0
ec7bbe6b1,0
ec839afb9,0
ecac415b2,0
ecaf218d6,0
ecb1f4157,0
ecba47fe5,0
ecdc53f6c,0
ecdc72eb4,0
ed016c82d,0
ed08108ae,0
ed1c3afa7,0
ed23fe1e4,0
ed24b7e7c,0
ed3964358,0
ed5b223fa,0
ed6031023,0
ed9f0149e,0
eddb54843,0
ede12af9d,0
ee1abc562,0
ee1bc7a82,0
ee3a3573c,0
ee3e67ca1,0
ee42dfb17,0
ee44800b5,0
ee4f4ac31,0
ee69d7dd3,0
ee6bb3f6f,0
ee72080bb,0
ee7499959,0
ee83c7129,0
ee9c37165,0
eecf5d028,0
eed4ccebb,0
eed85d8af,0
eee7d993f,0
eeecced24,0
eefffdc64,0
ef03dc079,0
ef157a63d,0
ef327943f,0
ef335be0f,0
ef4c26b16,0
ef4d8a696,0
ef59a4294,0
ef7588e2d,0
ef7f84335,0
ef8245855,0
ef9797d36,0
ef9cc4d00,0
efa5c919b,0
efaa43ef6,0
efb05abfe,0
efe1d7c68,0
efee97b79,0
effd155b3,0
f008f5e1c,0
f034521be,0
f04393fc1,0
f07b15006,0
f0b114aed,0
f0b4ca1d0,0
f0b916da7,0
f0b9508cf,0
f0bea6770,0
f0ee4d8c5,0
f0f21d770,0
f0f7d57ec,0
f1140905f,0
f126bc335,0
f132f0799,0
f13a8923c,0
f153bd713,0
f19c05015,0
f1a510eaa,0
f1bf09745,0
f1f8daeba,0
f1fabc33b,0
f208986b1,0
f2506ea93,0
f257dfa06,0
f2780a141,0
f290baf7e,0
f2a0f5934,0
f2accde10,0
f2db80bc2,0
f32ef2bb5,0
f345f7338,0
f35e448f4,0
f36ed3836,0
f36f67135,0
f37709ee4,0
f387f5eb6,0
f38bf340f,0
f3b8dc3c8,0
f3b95f7c2,0
f3cdccfd3,0
f3e426d46,0
f3f34d316,0
f41861fbf,0
f4459cbe5,0
f479a4923,0
f47d8ecfe,0
f48f29e9c,0
f4aacf695,0
f4c64d5de,0
f4cf39b57,0
f4d017bcd,0
f4e4bb286,0
f50a641d4,0
f50e7e0dd,0
f5192123e,0
f52cb0f19,0
f53ab6d2d,0
f5666ec56,0
f568ec4f8,0
f56c7a1dd,0
f577f87d8,0
f58546ae2,0
f58a27f9b,0
f5b7468fe,0
f5f0754c4,0
f60137dda,0
f6097aef5,0
f62243620,0
f62cd7d37,0
f635d69be,0
f636187e7,0
f65df1658,0
f666ba87e,0
f695d1ea4,0
f69835425,0
f6b5c10d7,0
f6b7f5e00,0
f6bd04cba,0
f6bd582e9,0
f6bdfb1e8,0
f6e68b207,0
f6f27c70a,0
f72902e03,0
f7296dabb,0
f7315c3f7,0
f7558f189,0
f757a5151,0
f75becde2,0
f75d315fd,0
f76c6bb86,0
f7c026f09,0
f804426f0,0
f824f3681,0
f83c827de,0
f845d5211,0
f86407800,0
f8774c056,0
f8b19f8a8,0
f8ccea28f,0
f90d3b5e2,0
f9474a4e6,0
f94a1abcc,0
f94b0af08,0
f94e8c960,0
f985e2120,0
f99569612,0
f9ae18760,0
f9b12bac5,0
f9c93125a,0
f9d497a37,0
f9e103492,0
f9ed64f8d,0
fa26c7c4c,0
fa4f32058,0
fa502eb13,0
fa5dbfd96,0
fa783da71,0
fa970bad6,0
fa9bc26d1,0
faa6d630a,0
faaf1b87c,0
fab500154,0
fadabf892,0
fafe76003,0
fb02a6c7d,0
fb2674d37,0
fb37f2b4b,0
fb4a9af1f,0
fb5bb4ec3,0
fb5eabfd4,0
fb8327907,0
fb9372639,0
fb9c4c97d,0
fba9dfa75,0
fbd7b373e,0
fbf9ed61f,0
fc4167e7a,0
fcd30393f,0
fd016100c,0
fd05c7725,0
fd5f4201e,0
fd6c8def7,0
fd6caac78,0
fd6f04aa6,0
fd7a7572a,0
fd7ceef75,0
fd7d4b9d9,0
fd88db0e0,0
fd9135eef,0
fd95bee29,0
fdcaa4b6b,0
fde5b391c,0
fe123ea0f,0
fe226d373,0
fe2d65355,0
fe2ee0634,0
fe39100cb,0
fe70f993e,0
fe85862e5,0
feafe92be,0
fec30c26e,0
fecebae36,0
fefa3e44e,0
ff1f7e096,0
ff2334c03,0
ff2fdf5a7,0
ff4878165,0
ff55183c3,0
ff5fbe9be,0
ff6ffedd4,0
ff7a4d5dc,0
ff806b500,0
ff9db28a9,0
ff9efac2d,0
ffa5c6c1d,0
ffc337417,0
ffc4647ac,0
ffc6554ba,0
ffd3b29c2,0
ffd3c69b6,0
fff5802e5,0
